,block,type,cluster_label,fold,pattern_value
0,Cont_Cont,intra,0,0,0.0500293428385967
1,Cont_Default,inter,0,0,0.0157575566990857
2,Cont_DorsAttn,inter,0,0,0.0159606289411225
3,Cont_Limbic,inter,0,0,-0.0066168709221132
4,Cont_SalVentAttn,inter,0,0,0.0172117281347762
5,Cont_SomMot,inter,0,0,0.0028744101851028
6,Cont_Vis,inter,0,0,-0.0160534260904139
7,Default_Cont,inter,0,0,0.0157575567126029
8,Default_Default,intra,0,0,0.0416619678605978
9,Default_DorsAttn,inter,0,0,-0.0048399537417963
10,Default_Limbic,inter,0,0,0.0072648279485799
11,Default_SalVentAttn,inter,0,0,0.0028014691266253
12,Default_SomMot,inter,0,0,-0.0015040112258628
13,Default_Vis,inter,0,0,-0.009323615702312
14,DorsAttn_Cont,inter,0,0,0.0159606278954667
15,DorsAttn_Default,inter,0,0,-0.0048399536053987
16,DorsAttn_DorsAttn,intra,0,0,0.0657090712514312
17,DorsAttn_Limbic,inter,0,0,-0.0190238273945142
18,DorsAttn_SalVentAttn,inter,0,0,0.0199610114699087
19,DorsAttn_SomMot,inter,0,0,0.0302160093953278
20,DorsAttn_Vis,inter,0,0,0.0071097108676545
21,Limbic_Cont,inter,0,0,-0.0066168707450364
22,Limbic_Default,inter,0,0,0.0072648279547702
23,Limbic_DorsAttn,inter,0,0,-0.0190238274330557
24,Limbic_Limbic,intra,0,0,0.0936640174854822
25,Limbic_SalVentAttn,inter,0,0,-0.012959104649632
26,Limbic_SomMot,inter,0,0,-0.0194858428753389
27,Limbic_Vis,inter,0,0,-0.005884186549075
28,SalVentAttn_Cont,inter,0,0,0.0172117279960357
29,SalVentAttn_Default,inter,0,0,0.0028014695455697
30,SalVentAttn_DorsAttn,inter,0,0,0.019961011325399
31,SalVentAttn_Limbic,inter,0,0,-0.0129591046509116
32,SalVentAttn_SalVentAttn,intra,0,0,0.0630895711695051
33,SalVentAttn_SomMot,inter,0,0,0.0327292812336226
34,SalVentAttn_Vis,inter,0,0,-0.0078098948625567
35,SomMot_Cont,inter,0,0,0.0028744091725386
36,SomMot_Default,inter,0,0,-0.0015040113021448
37,SomMot_DorsAttn,inter,0,0,0.0302160084877547
38,SomMot_Limbic,inter,0,0,-0.0194858422396842
39,SomMot_SalVentAttn,inter,0,0,0.0327292807798054
40,SomMot_SomMot,intra,0,0,0.0709799620385568
41,SomMot_Vis,inter,0,0,0.0015692668596997
42,Vis_Cont,inter,0,0,-0.0160534265850231
43,Vis_Default,inter,0,0,-0.009323615733964
44,Vis_DorsAttn,inter,0,0,0.0071097107463699
45,Vis_Limbic,inter,0,0,-0.0058841869040728
46,Vis_SalVentAttn,inter,0,0,-0.007809894909085
47,Vis_SomMot,inter,0,0,0.0015692661313656
48,Vis_Vis,intra,0,0,0.0850158532538093
0,Cont_Cont,intra,1,0,0.0490629645458687
1,Cont_Default,inter,1,0,0.0154910962247496
2,Cont_DorsAttn,inter,1,0,0.0163639838045744
3,Cont_Limbic,inter,1,0,-0.0078226933046904
4,Cont_SalVentAttn,inter,1,0,0.0172921207518757
5,Cont_SomMot,inter,1,0,0.0039735248450367
6,Cont_Vis,inter,1,0,-0.0149696408729829
7,Default_Cont,inter,1,0,0.0154910962177901
8,Default_Default,intra,1,0,0.0401446382193378
9,Default_DorsAttn,inter,1,0,-0.004325531145887
10,Default_Limbic,inter,1,0,0.0060419520855116
11,Default_SalVentAttn,inter,1,0,0.0029728818831454
12,Default_SomMot,inter,1,0,-0.001020200743866
13,Default_Vis,inter,1,0,-0.0087408345347139
14,DorsAttn_Cont,inter,1,0,0.0163639827775732
15,DorsAttn_Default,inter,1,0,-0.0043255310210594
16,DorsAttn_DorsAttn,intra,1,0,0.065383850290274
17,DorsAttn_Limbic,inter,1,0,-0.0196031120701457
18,DorsAttn_SalVentAttn,inter,1,0,0.0199955717963589
19,DorsAttn_SomMot,inter,1,0,0.0301041207850281
20,DorsAttn_Vis,inter,1,0,0.0068500900943564
21,Limbic_Cont,inter,1,0,-0.0078226931272516
22,Limbic_Default,inter,1,0,0.0060419520715363
23,Limbic_DorsAttn,inter,1,0,-0.0196031121139798
24,Limbic_Limbic,intra,1,0,0.0950693816090823
25,Limbic_SalVentAttn,inter,1,0,-0.0142204144803914
26,Limbic_SomMot,inter,1,0,-0.0196624297576431
27,Limbic_Vis,inter,1,0,-0.0055759448024933
28,SalVentAttn_Cont,inter,1,0,0.0172921206283467
29,SalVentAttn_Default,inter,1,0,0.0029728822981427
30,SalVentAttn_DorsAttn,inter,1,0,0.0199955716654218
31,SalVentAttn_Limbic,inter,1,0,-0.0142204144967922
32,SalVentAttn_SalVentAttn,intra,1,0,0.061305335208014
33,SalVentAttn_SomMot,inter,1,0,0.0320201183178406
34,SalVentAttn_Vis,inter,1,0,-0.0080559531272094
35,SomMot_Cont,inter,1,0,0.0039735238616555
36,SomMot_Default,inter,1,0,-0.0010202008192528
37,SomMot_DorsAttn,inter,1,0,0.0301041199261138
38,SomMot_Limbic,inter,1,0,-0.0196624291276311
39,SomMot_SalVentAttn,inter,1,0,0.0320201178791234
40,SomMot_SomMot,intra,1,0,0.0684109245795164
41,SomMot_Vis,inter,1,0,-0.0001723668628385
42,Vis_Cont,inter,1,0,-0.0149696413287527
43,Vis_Default,inter,1,0,-0.0087408345713625
44,Vis_DorsAttn,inter,1,0,0.0068500900019527
45,Vis_Limbic,inter,1,0,-0.0055759451598031
46,Vis_SalVentAttn,inter,1,0,-0.0080559531494887
47,Vis_SomMot,inter,1,0,-0.0001723675541138
48,Vis_Vis,intra,1,0,0.0833555012088713
0,Cont_Cont,intra,2,0,0.0492310184347098
1,Cont_Default,inter,2,0,0.0155084522170919
2,Cont_DorsAttn,inter,2,0,0.0161083240013745
3,Cont_Limbic,inter,2,0,-0.0076580670434478
4,Cont_SalVentAttn,inter,2,0,0.0171302010858552
5,Cont_SomMot,inter,2,0,0.0037127834951034
6,Cont_Vis,inter,2,0,-0.0154993584498262
7,Default_Cont,inter,2,0,0.0155084522221358
8,Default_Default,intra,2,0,0.0401998576021135
9,Default_DorsAttn,inter,2,0,-0.0044640823593806
10,Default_Limbic,inter,2,0,0.0062417470948898
11,Default_SalVentAttn,inter,2,0,0.0028085915515725
12,Default_SomMot,inter,2,0,-0.0010696959920202
13,Default_Vis,inter,2,0,-0.0088446230169106
14,DorsAttn_Cont,inter,2,0,0.0161083229755716
15,DorsAttn_Default,inter,2,0,-0.0044640822176795
16,DorsAttn_DorsAttn,intra,2,0,0.0651989550775561
17,DorsAttn_Limbic,inter,2,0,-0.0193247139680112
18,DorsAttn_SalVentAttn,inter,2,0,0.0197948824239238
19,DorsAttn_SomMot,inter,2,0,0.0297965401738257
20,DorsAttn_Vis,inter,2,0,0.0064540698211495
21,Limbic_Cont,inter,2,0,-0.0076580668816125
22,Limbic_Default,inter,2,0,0.0062417470816376
23,Limbic_DorsAttn,inter,2,0,-0.0193247140128911
24,Limbic_Limbic,intra,2,0,0.0938452141733864
25,Limbic_SalVentAttn,inter,2,0,-0.0137408311775071
26,Limbic_SomMot,inter,2,0,-0.0195285130037176
27,Limbic_Vis,inter,2,0,-0.0051110633568976
28,SalVentAttn_Cont,inter,2,0,0.0171302009629228
29,SalVentAttn_Default,inter,2,0,0.0028085919702954
30,SalVentAttn_DorsAttn,inter,2,0,0.0197948822872666
31,SalVentAttn_Limbic,inter,2,0,-0.0137408311990528
32,SalVentAttn_SalVentAttn,intra,2,0,0.0610366652612181
33,SalVentAttn_SomMot,inter,2,0,0.0316957985566112
34,SalVentAttn_Vis,inter,2,0,-0.0081230362107308
35,SomMot_Cont,inter,2,0,0.0037127825137364
36,SomMot_Default,inter,2,0,-0.0010696960574855
37,SomMot_DorsAttn,inter,2,0,0.0297965393043103
38,SomMot_Limbic,inter,2,0,-0.0195285123735861
39,SomMot_SalVentAttn,inter,2,0,0.0316957981157886
40,SomMot_SomMot,intra,2,0,0.0683450826766409
41,SomMot_Vis,inter,2,0,-0.0002742586616867
42,Vis_Cont,inter,2,0,-0.0154993589173641
43,Vis_Default,inter,2,0,-0.0088446230571898
44,Vis_DorsAttn,inter,2,0,0.0064540697297077
45,Vis_Limbic,inter,2,0,-0.0051110637072474
46,Vis_SalVentAttn,inter,2,0,-0.0081230362420575
47,Vis_SomMot,inter,2,0,-0.000274259360935
48,Vis_Vis,intra,2,0,0.0834374112014761
0,Cont_Cont,intra,0,1,0.0500313192003814
1,Cont_Default,inter,0,1,0.0156317238213119
2,Cont_DorsAttn,inter,0,1,0.016149648925459
3,Cont_Limbic,inter,0,1,-0.0076625556089144
4,Cont_SalVentAttn,inter,0,1,0.0173377005797231
5,Cont_SomMot,inter,0,1,0.0030813233758835
6,Cont_Vis,inter,0,1,-0.0162174233032398
7,Default_Cont,inter,0,1,0.0156317238279954
8,Default_Default,intra,0,1,0.0410443547413398
9,Default_DorsAttn,inter,0,1,-0.0046877123422377
10,Default_Limbic,inter,0,1,0.0064022722005366
11,Default_SalVentAttn,inter,0,1,0.0029985140002108
12,Default_SomMot,inter,0,1,-0.0012849129096041
13,Default_Vis,inter,0,1,-0.0093259467614098
14,DorsAttn_Cont,inter,0,1,0.016149647876649
15,DorsAttn_Default,inter,0,1,-0.0046877121932082
16,DorsAttn_DorsAttn,intra,0,1,0.0659418302239611
17,DorsAttn_Limbic,inter,0,1,-0.0200016426235622
18,DorsAttn_SalVentAttn,inter,0,1,0.0200588224540166
19,DorsAttn_SomMot,inter,0,1,0.0305790960221109
20,DorsAttn_Vis,inter,0,1,0.0065146631044844
21,Limbic_Cont,inter,0,1,-0.0076625554307083
22,Limbic_Default,inter,0,1,0.0064022721941853
23,Limbic_DorsAttn,inter,0,1,-0.0200016426508753
24,Limbic_Limbic,intra,0,1,0.0960166385312681
25,Limbic_SalVentAttn,inter,0,1,-0.0143986636645585
26,Limbic_SomMot,inter,0,1,-0.0209752835761113
27,Limbic_Vis,inter,0,1,-0.0059422309943232
28,SalVentAttn_Cont,inter,0,1,0.0173377004454967
29,SalVentAttn_Default,inter,0,1,0.0029985144234786
30,SalVentAttn_DorsAttn,inter,0,1,0.0200588223115468
31,SalVentAttn_Limbic,inter,0,1,-0.0143986636925296
32,SalVentAttn_SalVentAttn,intra,0,1,0.0629555721579108
33,SalVentAttn_SomMot,inter,0,1,0.0329545022280609
34,SalVentAttn_Vis,inter,0,1,-0.0078633391051094
35,SomMot_Cont,inter,0,1,0.0030813223524464
36,SomMot_Default,inter,0,1,-0.0012849129822804
37,SomMot_DorsAttn,inter,0,1,0.030579095099943
38,SomMot_Limbic,inter,0,1,-0.0209752829257604
39,SomMot_SalVentAttn,inter,0,1,0.032954501762357
40,SomMot_SomMot,intra,0,1,0.0713749219997543
41,SomMot_Vis,inter,0,1,0.0010629204402701
42,Vis_Cont,inter,0,1,-0.0162174237799027
43,Vis_Default,inter,0,1,-0.0093259467899164
44,Vis_DorsAttn,inter,0,1,0.0065146629876917
45,Vis_Limbic,inter,0,1,-0.0059422313414992
46,Vis_SalVentAttn,inter,0,1,-0.0078633391481066
47,Vis_SomMot,inter,0,1,0.0010629197155784
48,Vis_Vis,intra,0,1,0.0850021532513318
0,Cont_Cont,intra,1,1,0.0492361699352348
1,Cont_Default,inter,1,1,0.0157288692672323
2,Cont_DorsAttn,inter,1,1,0.0162917350184294
3,Cont_Limbic,inter,1,1,-0.0070345072401387
4,Cont_SalVentAttn,inter,1,1,0.0172893390884366
5,Cont_SomMot,inter,1,1,0.0038646759047044
6,Cont_Vis,inter,1,1,-0.0149704246246007
7,Default_Cont,inter,1,1,0.015728869264837
8,Default_Default,intra,1,1,0.0406630652339801
9,Default_DorsAttn,inter,1,1,-0.0043331684682722
10,Default_Limbic,inter,1,1,0.0066701740345505
11,Default_SalVentAttn,inter,1,1,0.0029290688576888
12,Default_SomMot,inter,1,1,-0.0010012321022363
13,Default_Vis,inter,1,1,-0.0087360264092819
14,DorsAttn_Cont,inter,1,1,0.0162917339916288
15,DorsAttn_Default,inter,1,1,-0.0043331683432346
16,DorsAttn_DorsAttn,intra,1,1,0.0652122468734044
17,DorsAttn_Limbic,inter,1,1,-0.0186334632435031
18,DorsAttn_SalVentAttn,inter,1,1,0.0199116996397232
19,DorsAttn_SomMot,inter,1,1,0.029561898049439
20,DorsAttn_Vis,inter,1,1,0.0074019386241775
21,Limbic_Cont,inter,1,1,-0.0070345070735025
22,Limbic_Default,inter,1,1,0.0066701740336023
23,Limbic_DorsAttn,inter,1,1,-0.0186334632980006
24,Limbic_Limbic,intra,1,1,0.093624546721021
25,Limbic_SalVentAttn,inter,1,1,-0.0132153886849562
26,Limbic_SomMot,inter,1,1,-0.0184655581998669
27,Limbic_Vis,inter,1,1,-0.0052198807754435
28,SalVentAttn_Cont,inter,1,1,0.0172893389638887
29,SalVentAttn_Default,inter,1,1,0.0029290692757024
30,SalVentAttn_DorsAttn,inter,1,1,0.0199116995129907
31,SalVentAttn_Limbic,inter,1,1,-0.0132153886746938
32,SalVentAttn_SalVentAttn,intra,1,1,0.0613537111913294
33,SalVentAttn_SomMot,inter,1,1,0.0318885532265899
34,SalVentAttn_Vis,inter,1,1,-0.0080569153367791
35,SomMot_Cont,inter,1,1,0.0038646749241588
36,SomMot_Default,inter,1,1,-0.0010012321750561
37,SomMot_DorsAttn,inter,1,1,0.0295618971976394
38,SomMot_Limbic,inter,1,1,-0.0184655575731409
39,SomMot_SalVentAttn,inter,1,1,0.0318885527892766
40,SomMot_SomMot,intra,1,1,0.0680450997399443
41,SomMot_Vis,inter,1,1,0.0002088952702815
42,Vis_Cont,inter,1,1,-0.0149704251003666
43,Vis_Default,inter,1,1,-0.0087360264521417
44,Vis_DorsAttn,inter,1,1,0.007401938526563
45,Vis_Limbic,inter,1,1,-0.005219881135898
46,Vis_SalVentAttn,inter,1,1,-0.008056915365572
47,Vis_SomMot,inter,1,1,0.0002088945721775
48,Vis_Vis,intra,1,1,0.0839613171807768
0,Cont_Cont,intra,2,1,0.0491581480013906
1,Cont_Default,inter,2,1,0.0154382243730292
2,Cont_DorsAttn,inter,2,1,0.0161026451905341
3,Cont_Limbic,inter,2,1,-0.00764039211939
4,Cont_SalVentAttn,inter,2,1,0.0170963876870632
5,Cont_SomMot,inter,2,1,0.0036479881484147
6,Cont_Vis,inter,2,1,-0.0154468284786646
7,Default_Cont,inter,2,1,0.0154382243767935
8,Default_Default,intra,2,1,0.0401403668524996
9,Default_DorsAttn,inter,2,1,-0.0044773168856657
10,Default_Limbic,inter,2,1,0.006170413781191
11,Default_SalVentAttn,inter,2,1,0.0027934068499201
12,Default_SomMot,inter,2,1,-0.0011512360911119
13,Default_Vis,inter,2,1,-0.0088899680798858
14,DorsAttn_Cont,inter,2,1,0.0161026441643506
15,DorsAttn_Default,inter,2,1,-0.0044773167461338
16,DorsAttn_DorsAttn,intra,2,1,0.0651020048164889
17,DorsAttn_Limbic,inter,2,1,-0.019319624048289
18,DorsAttn_SalVentAttn,inter,2,1,0.0197408415004682
19,DorsAttn_SomMot,inter,2,1,0.0298550566986118
20,DorsAttn_Vis,inter,2,1,0.0064329483188442
21,Limbic_Cont,inter,2,1,-0.0076403919558517
22,Limbic_Default,inter,2,1,0.0061704137703004
23,Limbic_DorsAttn,inter,2,1,-0.0193196240965126
24,Limbic_Limbic,intra,2,1,0.0937486090359359
25,Limbic_SalVentAttn,inter,2,1,-0.0136991996437474
26,Limbic_SomMot,inter,2,1,-0.0194083570087869
27,Limbic_Vis,inter,2,1,-0.0051905477475669
28,SalVentAttn_Cont,inter,2,1,0.0170963875662928
29,SalVentAttn_Default,inter,2,1,0.0027934072663681
30,SalVentAttn_DorsAttn,inter,2,1,0.0197408413622101
31,SalVentAttn_Limbic,inter,2,1,-0.0136991996602883
32,SalVentAttn_SalVentAttn,intra,2,1,0.0609969391396774
33,SalVentAttn_SomMot,inter,2,1,0.0316454342762812
34,SalVentAttn_Vis,inter,2,1,-0.0082369733779234
35,SomMot_Cont,inter,2,1,0.0036479871686388
36,SomMot_Default,inter,2,1,-0.0011512361564351
37,SomMot_DorsAttn,inter,2,1,0.0298550558304838
38,SomMot_Limbic,inter,2,1,-0.019408356378332
39,SomMot_SalVentAttn,inter,2,1,0.0316454338398234
40,SomMot_SomMot,intra,2,1,0.0683039411821821
41,SomMot_Vis,inter,2,1,-0.0002885035727686
42,Vis_Cont,inter,2,1,-0.0154468289397916
43,Vis_Default,inter,2,1,-0.0088899681158256
44,Vis_DorsAttn,inter,2,1,0.00643294822633
45,Vis_Limbic,inter,2,1,-0.0051905481012516
46,Vis_SalVentAttn,inter,2,1,-0.0082369734069154
47,Vis_SomMot,inter,2,1,-0.0002885042685318
48,Vis_Vis,intra,2,1,0.0832981282621509
0,Cont_Cont,intra,0,2,0.0502029957128248
1,Cont_Default,inter,0,2,0.0155557574438685
2,Cont_DorsAttn,inter,0,2,0.0161686992058271
3,Cont_Limbic,inter,0,2,-0.0075940733151322
4,Cont_SalVentAttn,inter,0,2,0.0173396365550462
5,Cont_SomMot,inter,0,2,0.0029943884817046
6,Cont_Vis,inter,0,2,-0.0162863511588225
7,Default_Cont,inter,0,2,0.0155557574470283
8,Default_Default,intra,0,2,0.0413356736377963
9,Default_DorsAttn,inter,0,2,-0.0048731109284917
10,Default_Limbic,inter,0,2,0.006560636717882
11,Default_SalVentAttn,inter,0,2,0.0027751693261603
12,Default_SomMot,inter,0,2,-0.0014008484488615
13,Default_Vis,inter,0,2,-0.0095411524429109
14,DorsAttn_Cont,inter,0,2,0.016168698160793
15,DorsAttn_Default,inter,0,2,-0.0048731107850273
16,DorsAttn_DorsAttn,intra,0,2,0.0657203006926845
17,DorsAttn_Limbic,inter,0,2,-0.0198527609649037
18,DorsAttn_SalVentAttn,inter,0,2,0.0200467397726049
19,DorsAttn_SomMot,inter,0,2,0.0302365028084265
20,DorsAttn_Vis,inter,0,2,0.0065870792842907
21,Limbic_Cont,inter,0,2,-0.0075940731394956
22,Limbic_Default,inter,0,2,0.0065606367121364
23,Limbic_DorsAttn,inter,0,2,-0.0198527609944285
24,Limbic_Limbic,intra,0,2,0.0956475914129085
25,Limbic_SalVentAttn,inter,0,2,-0.0142368370729794
26,Limbic_SomMot,inter,0,2,-0.0205673827587339
27,Limbic_Vis,inter,0,2,-0.0062642528464837
28,SalVentAttn_Cont,inter,0,2,0.0173396364204851
29,SalVentAttn_Default,inter,0,2,0.0027751697530497
30,SalVentAttn_DorsAttn,inter,0,2,0.0200467396277137
31,SalVentAttn_Limbic,inter,0,2,-0.014236837099809
32,SalVentAttn_SalVentAttn,intra,0,2,0.063315179281834
33,SalVentAttn_SomMot,inter,0,2,0.0330864261113689
34,SalVentAttn_Vis,inter,0,2,-0.0081107862172194
35,SomMot_Cont,inter,0,2,0.0029943874618054
36,SomMot_Default,inter,0,2,-0.001400848521847
37,SomMot_DorsAttn,inter,0,2,0.0302365018907868
38,SomMot_Limbic,inter,0,2,-0.0205673821124317
39,SomMot_SalVentAttn,inter,0,2,0.0330864256504225
40,SomMot_SomMot,intra,0,2,0.0714713791481131
41,SomMot_Vis,inter,0,2,0.0010135886718712
42,Vis_Cont,inter,0,2,-0.0162863516348091
43,Vis_Default,inter,0,2,-0.009541152472272
44,Vis_DorsAttn,inter,0,2,0.0065870791720774
45,Vis_Limbic,inter,0,2,-0.0062642532025696
46,Vis_SalVentAttn,inter,0,2,-0.0081107862543948
47,Vis_SomMot,inter,0,2,0.001013587945178
48,Vis_Vis,intra,0,2,0.0849843776095649
0,Cont_Cont,intra,1,2,0.0494128610822511
1,Cont_Default,inter,1,2,0.0156936431563497
2,Cont_DorsAttn,inter,1,2,0.0163768942146796
3,Cont_Limbic,inter,1,2,-0.0074575895960251
4,Cont_SalVentAttn,inter,1,2,0.0173482294826578
5,Cont_SomMot,inter,1,2,0.0038914788110304
6,Cont_Vis,inter,1,2,-0.0150391278331007
7,Default_Cont,inter,1,2,0.0156936431550575
8,Default_Default,intra,1,2,0.0405522623522437
9,Default_DorsAttn,inter,1,2,-0.0044775750548271
10,Default_Limbic,inter,1,2,0.0063937679738216
11,Default_SalVentAttn,inter,1,2,0.0028854823071018
12,Default_SomMot,inter,1,2,-0.001126681468431
13,Default_Vis,inter,1,2,-0.0086997027051941
14,DorsAttn_Cont,inter,1,2,0.01637689318229
15,DorsAttn_Default,inter,1,2,-0.0044775749282136
16,DorsAttn_DorsAttn,intra,1,2,0.0655872227412129
17,DorsAttn_Limbic,inter,1,2,-0.0192922095375213
18,DorsAttn_SalVentAttn,inter,1,2,0.0200410097883624
19,DorsAttn_SomMot,inter,1,2,0.0300111340138327
20,DorsAttn_Vis,inter,1,2,0.007007497475775
21,Limbic_Cont,inter,1,2,-0.0074575894251617
22,Limbic_Default,inter,1,2,0.0063937679656366
23,Limbic_DorsAttn,inter,1,2,-0.0192922095867821
24,Limbic_Limbic,intra,1,2,0.0938907284589105
25,Limbic_SalVentAttn,inter,1,2,-0.0136515571906506
26,Limbic_SomMot,inter,1,2,-0.0190498007786784
27,Limbic_Vis,inter,1,2,-0.0053554325345098
28,SalVentAttn_Cont,inter,1,2,0.0173482293581798
29,SalVentAttn_Default,inter,1,2,0.002885482726179
30,SalVentAttn_DorsAttn,inter,1,2,0.0200410096612106
31,SalVentAttn_Limbic,inter,1,2,-0.0136515571851145
32,SalVentAttn_SalVentAttn,intra,1,2,0.0614614268018003
33,SalVentAttn_SomMot,inter,1,2,0.0319946096683862
34,SalVentAttn_Vis,inter,1,2,-0.0078984570748765
35,SomMot_Cont,inter,1,2,0.0038914778252816
36,SomMot_Default,inter,1,2,-0.0011266815399119
37,SomMot_DorsAttn,inter,1,2,0.0300111331571472
38,SomMot_Limbic,inter,1,2,-0.0190498001461999
39,SomMot_SalVentAttn,inter,1,2,0.0319946092327783
40,SomMot_SomMot,intra,1,2,0.068332607887169
41,SomMot_Vis,inter,1,2,9.0744739744068e-05
42,Vis_Cont,inter,1,2,-0.015039128301099
43,Vis_Default,inter,1,2,-0.0086997027449987
44,Vis_DorsAttn,inter,1,2,0.0070074973796633
45,Vis_Limbic,inter,1,2,-0.0053554328967233
46,Vis_SalVentAttn,inter,1,2,-0.0078984571082997
47,Vis_SomMot,inter,1,2,9.07440447348138e-05
48,Vis_Vis,intra,1,2,0.0835797840484129
0,Cont_Cont,intra,2,2,0.0493001613590611
1,Cont_Default,inter,2,2,0.0156124056026729
2,Cont_DorsAttn,inter,2,2,0.0159969854886442
3,Cont_Limbic,inter,2,2,-0.0074270208428665
4,Cont_SalVentAttn,inter,2,2,0.0171155225771462
5,Cont_SomMot,inter,2,2,0.0035368359527853
6,Cont_Vis,inter,2,2,-0.015602626824532
7,Default_Cont,inter,2,2,0.0156124056115831
8,Default_Default,intra,2,2,0.0404315502108575
9,Default_DorsAttn,inter,2,2,-0.0045305374255603
10,Default_Limbic,inter,2,2,0.0063268704365706
11,Default_SalVentAttn,inter,2,2,0.0028661949316219
12,Default_SomMot,inter,2,2,-0.0011533248308471
13,Default_Vis,inter,2,2,-0.0089929760010614
14,DorsAttn_Cont,inter,2,2,0.0159969844575801
15,DorsAttn_Default,inter,2,2,-0.0045305372832701
16,DorsAttn_DorsAttn,intra,2,2,0.0652635146407485
17,DorsAttn_Limbic,inter,2,2,-0.0191928335499148
18,DorsAttn_SalVentAttn,inter,2,2,0.0197154907635233
19,DorsAttn_SomMot,inter,2,2,0.0297770078900125
20,DorsAttn_Vis,inter,2,2,0.0067782750269284
21,Limbic_Cont,inter,2,2,-0.0074270206788283
22,Limbic_Default,inter,2,2,0.0063268704252093
23,Limbic_DorsAttn,inter,2,2,-0.0191928335956483
24,Limbic_Limbic,intra,2,2,0.0936109111197011
25,Limbic_SalVentAttn,inter,2,2,-0.0135755620584596
26,Limbic_SomMot,inter,2,2,-0.0193429706911865
27,Limbic_Vis,inter,2,2,-0.005232583229928
28,SalVentAttn_Cont,inter,2,2,0.0171155224531952
29,SalVentAttn_Default,inter,2,2,0.0028661953520047
30,SalVentAttn_DorsAttn,inter,2,2,0.0197154906264412
31,SalVentAttn_Limbic,inter,2,2,-0.0135755620747776
32,SalVentAttn_SalVentAttn,intra,2,2,0.0612506709411194
33,SalVentAttn_SomMot,inter,2,2,0.0318580338819438
34,SalVentAttn_Vis,inter,2,2,-0.0081504584899893
35,SomMot_Cont,inter,2,2,0.0035368349676409
36,SomMot_Default,inter,2,2,-0.0011533248960248
37,SomMot_DorsAttn,inter,2,2,0.029777007017511
38,SomMot_Limbic,inter,2,2,-0.0193429700624185
39,SomMot_SalVentAttn,inter,2,2,0.0318580334411108
40,SomMot_SomMot,intra,2,2,0.0686377811425982
41,SomMot_Vis,inter,2,2,2.6997382267533616e-05
42,Vis_Cont,inter,2,2,-0.0156026273005211
43,Vis_Default,inter,2,2,-0.0089929760396819
44,Vis_DorsAttn,inter,2,2,0.0067782749330917
45,Vis_Limbic,inter,2,2,-0.0052325835840376
46,Vis_SalVentAttn,inter,2,2,-0.0081504585199824
47,Vis_SomMot,inter,2,2,2.6996682126372172e-05
48,Vis_Vis,intra,2,2,0.0837809604925494
0,Cont_Cont,intra,0,3,0.0503387191255197
1,Cont_Default,inter,0,3,0.0157586345863713
2,Cont_DorsAttn,inter,0,3,0.0160454461241065
3,Cont_Limbic,inter,0,3,-0.0072767035799788
4,Cont_SalVentAttn,inter,0,3,0.0174452320343804
5,Cont_SomMot,inter,0,3,0.0029074914560541
6,Cont_Vis,inter,0,3,-0.0164471821690768
7,Default_Cont,inter,0,3,0.0157586345972114
8,Default_Default,intra,0,3,0.041556263748652
9,Default_DorsAttn,inter,0,3,-0.0048342445541315
10,Default_Limbic,inter,0,3,0.006717037591942
11,Default_SalVentAttn,inter,0,3,0.0029271566178145
12,Default_SomMot,inter,0,3,-0.0014376282818861
13,Default_Vis,inter,0,3,-0.0094927536997212
14,DorsAttn_Cont,inter,0,3,0.0160454450714598
15,DorsAttn_Default,inter,0,3,-0.0048342444156914
16,DorsAttn_DorsAttn,intra,0,3,0.0657571156381048
17,DorsAttn_Limbic,inter,0,3,-0.0195125324593565
18,DorsAttn_SalVentAttn,inter,0,3,0.020006711636967
19,DorsAttn_SomMot,inter,0,3,0.0303794065605721
20,DorsAttn_Vis,inter,0,3,0.0069701281274073
21,Limbic_Cont,inter,0,3,-0.0072767034078682
22,Limbic_Default,inter,0,3,0.0067170375945223
23,Limbic_DorsAttn,inter,0,3,-0.0195125324931371
24,Limbic_Limbic,intra,0,3,0.0950456258697049
25,Limbic_SalVentAttn,inter,0,3,-0.013746293121925
26,Limbic_SomMot,inter,0,3,-0.0203177888134699
27,Limbic_Vis,inter,0,3,-0.0061695199087697
28,SalVentAttn_Cont,inter,0,3,0.0174452318989113
29,SalVentAttn_Default,inter,0,3,0.0029271570455404
30,SalVentAttn_DorsAttn,inter,0,3,0.0200067114981171
31,SalVentAttn_Limbic,inter,0,3,-0.0137462931417075
32,SalVentAttn_SalVentAttn,intra,0,3,0.0635424907816208
33,SalVentAttn_SomMot,inter,0,3,0.0331601547470565
34,SalVentAttn_Vis,inter,0,3,-0.0080934447275201
35,SomMot_Cont,inter,0,3,0.0029074904293588
36,SomMot_Default,inter,0,3,-0.001437628357025
37,SomMot_DorsAttn,inter,0,3,0.0303794056456477
38,SomMot_Limbic,inter,0,3,-0.0203177881763104
39,SomMot_SalVentAttn,inter,0,3,0.0331601542841318
40,SomMot_SomMot,intra,0,3,0.0718134140115552
41,SomMot_Vis,inter,0,3,0.0015914199154647
42,Vis_Cont,inter,0,3,-0.0164471826573013
43,Vis_Default,inter,0,3,-0.0094927537330881
44,Vis_DorsAttn,inter,0,3,0.0069701280041799
45,Vis_Limbic,inter,0,3,-0.0061695202520297
46,Vis_SalVentAttn,inter,0,3,-0.0080934447757867
47,Vis_SomMot,inter,0,3,0.0015914191804429
48,Vis_Vis,intra,0,3,0.0858838308880389
0,Cont_Cont,intra,1,3,0.0493614383873262
1,Cont_Default,inter,1,3,0.0157754470016416
2,Cont_DorsAttn,inter,1,3,0.0165064781869431
3,Cont_Limbic,inter,1,3,-0.0073817395950449
4,Cont_SalVentAttn,inter,1,3,0.0173907664774023
5,Cont_SomMot,inter,1,3,0.0040259485857565
6,Cont_Vis,inter,1,3,-0.0149291370819317
7,Default_Cont,inter,1,3,0.0157754469994944
8,Default_Default,intra,1,3,0.0404970519768869
9,Default_DorsAttn,inter,1,3,-0.004258654816035
10,Default_Limbic,inter,1,3,0.0064416063505524
11,Default_SalVentAttn,inter,1,3,0.0029960546468932
12,Default_SomMot,inter,1,3,-0.0009902667929113
13,Default_Vis,inter,1,3,-0.0086114310533154
14,DorsAttn_Cont,inter,1,3,0.0165064771569878
15,DorsAttn_Default,inter,1,3,-0.0042586546873802
16,DorsAttn_DorsAttn,intra,1,3,0.0657668482918849
17,DorsAttn_Limbic,inter,1,3,-0.0190900402039391
18,DorsAttn_SalVentAttn,inter,1,3,0.0200618051137322
19,DorsAttn_SomMot,inter,1,3,0.0300916355119971
20,DorsAttn_Vis,inter,1,3,0.0071463224070055
21,Limbic_Cont,inter,1,3,-0.0073817394295819
22,Limbic_Default,inter,1,3,0.0064416063400505
23,Limbic_DorsAttn,inter,1,3,-0.0190900402510098
24,Limbic_Limbic,intra,1,3,0.094269727687103
25,Limbic_SalVentAttn,inter,1,3,-0.0135700192548963
26,Limbic_SomMot,inter,1,3,-0.0188868719870571
27,Limbic_Vis,inter,1,3,-0.0052121055329486
28,SalVentAttn_Cont,inter,1,3,0.0173907663534755
29,SalVentAttn_Default,inter,1,3,0.0029960550668644
30,SalVentAttn_DorsAttn,inter,1,3,0.0200618049813038
31,SalVentAttn_Limbic,inter,1,3,-0.013570019247603
32,SalVentAttn_SalVentAttn,intra,1,3,0.0614459681514459
33,SalVentAttn_SomMot,inter,1,3,0.0320486728379037
34,SalVentAttn_Vis,inter,1,3,-0.007949712956294
35,SomMot_Cont,inter,1,3,0.0040259475996136
36,SomMot_Default,inter,1,3,-0.0009902668617037
37,SomMot_DorsAttn,inter,1,3,0.0300916346544134
38,SomMot_Limbic,inter,1,3,-0.0188868713539821
39,SomMot_SalVentAttn,inter,1,3,0.0320486723987666
40,SomMot_SomMot,intra,1,3,0.0685245224911163
41,SomMot_Vis,inter,1,3,1.844809617388563e-05
42,Vis_Cont,inter,1,3,-0.0149291375497391
43,Vis_Default,inter,1,3,-0.0086114310973808
44,Vis_DorsAttn,inter,1,3,0.0071463223175571
45,Vis_Limbic,inter,1,3,-0.0052121058953492
46,Vis_SalVentAttn,inter,1,3,-0.0079497129810332
47,Vis_SomMot,inter,1,3,1.8447400280038974e-05
48,Vis_Vis,intra,1,3,0.0834942375048408
0,Cont_Cont,intra,2,3,0.0491631187520546
1,Cont_Default,inter,2,3,0.0155420828028425
2,Cont_DorsAttn,inter,2,3,0.0159885212292647
3,Cont_Limbic,inter,2,3,-0.0073234317962642
4,Cont_SalVentAttn,inter,2,3,0.0170298329170342
5,Cont_SomMot,inter,2,3,0.0035464678099834
6,Cont_Vis,inter,2,3,-0.0154601503381975
7,Default_Cont,inter,2,3,0.0155420828093712
8,Default_Default,intra,2,3,0.0403358240631297
9,Default_DorsAttn,inter,2,3,-0.0045480204412416
10,Default_Limbic,inter,2,3,0.0064437909329969
11,Default_SalVentAttn,inter,2,3,0.002847751941654
12,Default_SomMot,inter,2,3,-0.0011387632322779
13,Default_Vis,inter,2,3,-0.0089611925050816
14,DorsAttn_Cont,inter,2,3,0.0159885202045418
15,DorsAttn_Default,inter,2,3,-0.0045480203000639
16,DorsAttn_DorsAttn,intra,2,3,0.0651042089988691
17,DorsAttn_Limbic,inter,2,3,-0.0190528613930867
18,DorsAttn_SalVentAttn,inter,2,3,0.0196023239414554
19,DorsAttn_SomMot,inter,2,3,0.0295155533759686
20,DorsAttn_Vis,inter,2,3,0.0067409682556904
21,Limbic_Cont,inter,2,3,-0.0073234316328207
22,Limbic_Default,inter,2,3,0.006443790922032
23,Limbic_DorsAttn,inter,2,3,-0.019052861441369
24,Limbic_Limbic,intra,2,3,0.0934976311299189
25,Limbic_SalVentAttn,inter,2,3,-0.0134043931598905
26,Limbic_SomMot,inter,2,3,-0.0190643568811508
27,Limbic_Vis,inter,2,3,-0.0053373312804817
28,SalVentAttn_Cont,inter,2,3,0.017029832794832
29,SalVentAttn_Default,inter,2,3,0.0028477523594701
30,SalVentAttn_DorsAttn,inter,2,3,0.0196023238020288
31,SalVentAttn_Limbic,inter,2,3,-0.0134043931783166
32,SalVentAttn_SalVentAttn,intra,2,3,0.0610327694651015
33,SalVentAttn_SomMot,inter,2,3,0.0316492107630231
34,SalVentAttn_Vis,inter,2,3,-0.0082084440701202
35,SomMot_Cont,inter,2,3,0.0035464668344235
36,SomMot_Default,inter,2,3,-0.0011387632952814
37,SomMot_DorsAttn,inter,2,3,0.0295155525092386
38,SomMot_Limbic,inter,2,3,-0.0190643562572623
39,SomMot_SalVentAttn,inter,2,3,0.031649210324683
40,SomMot_SomMot,intra,2,3,0.0681768763122358
41,SomMot_Vis,inter,2,3,-0.0001801384318202
42,Vis_Cont,inter,2,3,-0.0154601508095664
43,Vis_Default,inter,2,3,-0.008961192544351
44,Vis_DorsAttn,inter,2,3,0.0067409681649489
45,Vis_Limbic,inter,2,3,-0.0053373316350523
46,Vis_SalVentAttn,inter,2,3,-0.0082084440987694
47,Vis_SomMot,inter,2,3,-0.0001801391292135
48,Vis_Vis,intra,2,3,0.0836356145336685
0,Cont_Cont,intra,0,4,0.0505536331613433
1,Cont_Default,inter,0,4,0.0157980174351216
2,Cont_DorsAttn,inter,0,4,0.0164064121459886
3,Cont_Limbic,inter,0,4,-0.0078879700870951
4,Cont_SalVentAttn,inter,0,4,0.017879483832166
5,Cont_SomMot,inter,0,4,0.0034476777781115
6,Cont_Vis,inter,0,4,-0.0163138601403016
7,Default_Cont,inter,0,4,0.0157980174387807
8,Default_Default,intra,0,4,0.0415365106130227
9,Default_DorsAttn,inter,0,4,-0.0046539888503241
10,Default_Limbic,inter,0,4,0.0063915370692239
11,Default_SalVentAttn,inter,0,4,0.0029817962913081
12,Default_SomMot,inter,0,4,-0.00123290237466
13,Default_Vis,inter,0,4,-0.0093133185564764
14,DorsAttn_Cont,inter,0,4,0.0164064110866786
15,DorsAttn_Default,inter,0,4,-0.0046539887090676
16,DorsAttn_DorsAttn,intra,0,4,0.0665710501375787
17,DorsAttn_Limbic,inter,0,4,-0.0202193945992163
18,DorsAttn_SalVentAttn,inter,0,4,0.0206084086511797
19,DorsAttn_SomMot,inter,0,4,0.0312341244977231
20,DorsAttn_Vis,inter,0,4,0.0067556917991155
21,Limbic_Cont,inter,0,4,-0.0078879699089928
22,Limbic_Default,inter,0,4,0.0063915370625653
23,Limbic_DorsAttn,inter,0,4,-0.0202193946286327
24,Limbic_Limbic,intra,0,4,0.0966399360890751
25,Limbic_SalVentAttn,inter,0,4,-0.0147687137331332
26,Limbic_SomMot,inter,0,4,-0.021347555828524
27,Limbic_Vis,inter,0,4,-0.006026269878573
28,SalVentAttn_Cont,inter,0,4,0.0178794836916104
29,SalVentAttn_Default,inter,0,4,0.0029817967172793
30,SalVentAttn_DorsAttn,inter,0,4,0.0206084085057318
31,SalVentAttn_Limbic,inter,0,4,-0.0147687137594541
32,SalVentAttn_SalVentAttn,intra,0,4,0.0639481616140321
33,SalVentAttn_SomMot,inter,0,4,0.0337635703079224
34,SalVentAttn_Vis,inter,0,4,-0.0080186870920418
35,SomMot_Cont,inter,0,4,0.0034476767398273
36,SomMot_Default,inter,0,4,-0.0012329024538771
37,SomMot_DorsAttn,inter,0,4,0.0312341235656315
38,SomMot_Limbic,inter,0,4,-0.0213475551665092
39,SomMot_SalVentAttn,inter,0,4,0.0337635698331043
40,SomMot_SomMot,intra,0,4,0.0724704261184911
41,SomMot_Vis,inter,0,4,0.0013378647102775
42,Vis_Cont,inter,0,4,-0.0163138606252581
43,Vis_Default,inter,0,4,-0.0093133185790741
44,Vis_DorsAttn,inter,0,4,0.0067556916702714
45,Vis_Limbic,inter,0,4,-0.0060262702234859
46,Vis_SalVentAttn,inter,0,4,-0.0080186871417185
47,Vis_SomMot,inter,0,4,0.0013378639727592
48,Vis_Vis,intra,0,4,0.0856590041956547
0,Cont_Cont,intra,1,4,0.04914224550374
1,Cont_Default,inter,1,4,0.0154968512007216
2,Cont_DorsAttn,inter,1,4,0.0160391252039099
3,Cont_Limbic,inter,1,4,-0.0071443157898135
4,Cont_SalVentAttn,inter,1,4,0.0170572844685379
5,Cont_SomMot,inter,1,4,0.0035450310194728
6,Cont_Vis,inter,1,4,-0.0152107288991245
7,Default_Cont,inter,1,4,0.015496851197869
8,Default_Default,intra,1,4,0.0404071596613425
9,Default_DorsAttn,inter,1,4,-0.0046718185113918
10,Default_Limbic,inter,1,4,0.0065838168482206
11,Default_SalVentAttn,inter,1,4,0.0028433012011875
12,Default_SomMot,inter,1,4,-0.0012061350894894
13,Default_Vis,inter,1,4,-0.0088609711090262
14,DorsAttn_Cont,inter,1,4,0.0160391241833897
15,DorsAttn_Default,inter,1,4,-0.0046718183784741
16,DorsAttn_DorsAttn,intra,1,4,0.0651581816873874
17,DorsAttn_Limbic,inter,1,4,-0.0189269285425054
18,DorsAttn_SalVentAttn,inter,1,4,0.0195893593859402
19,DorsAttn_SomMot,inter,1,4,0.0293860901996044
20,DorsAttn_Vis,inter,1,4,0.0071514263459691
21,Limbic_Cont,inter,1,4,-0.0071443156210886
22,Limbic_Default,inter,1,4,0.0065838168375576
23,Limbic_DorsAttn,inter,1,4,-0.018926928590832
24,Limbic_Limbic,intra,1,4,0.093508988685072
25,Limbic_SalVentAttn,inter,1,4,-0.0132531826219312
26,Limbic_SomMot,inter,1,4,-0.0186285338372701
27,Limbic_Vis,inter,1,4,-0.0053994444126977
28,SalVentAttn_Cont,inter,1,4,0.0170572843490229
29,SalVentAttn_Default,inter,1,4,0.0028433016252392
30,SalVentAttn_DorsAttn,inter,1,4,0.0195893592525438
31,SalVentAttn_Limbic,inter,1,4,-0.0132531826181388
32,SalVentAttn_SalVentAttn,intra,1,4,0.0611233086228375
33,SalVentAttn_SomMot,inter,1,4,0.0315577117360218
34,SalVentAttn_Vis,inter,1,4,-0.0081501765021379
35,SomMot_Cont,inter,1,4,0.0035450300486975
36,SomMot_Default,inter,1,4,-0.0012061351566461
37,SomMot_DorsAttn,inter,1,4,0.0293860893510119
38,SomMot_Limbic,inter,1,4,-0.0186285332185067
39,SomMot_SalVentAttn,inter,1,4,0.0315577113101237
40,SomMot_SomMot,intra,1,4,0.0677736410718399
41,SomMot_Vis,inter,1,4,3.207214829080395e-06
42,Vis_Cont,inter,1,4,-0.0152107293639618
43,Vis_Default,inter,1,4,-0.008860971153063
44,Vis_DorsAttn,inter,1,4,0.0071514262586509
45,Vis_Limbic,inter,1,4,-0.0053994447784362
46,Vis_SalVentAttn,inter,1,4,-0.0081501765245991
47,Vis_SomMot,inter,1,4,3.2065212052015907e-06
48,Vis_Vis,intra,1,4,0.0834751151840501
0,Cont_Cont,intra,2,4,0.0493486873258752
1,Cont_Default,inter,2,4,0.0156507009661284
2,Cont_DorsAttn,inter,2,4,0.016135811710592
3,Cont_Limbic,inter,2,4,-0.0073767929935353
4,Cont_SalVentAttn,inter,2,4,0.0171992219037735
5,Cont_SomMot,inter,2,4,0.0036633493285426
6,Cont_Vis,inter,2,4,-0.0154858695917573
7,Default_Cont,inter,2,4,0.015650700972686
8,Default_Default,intra,2,4,0.0404217948254414
9,Default_DorsAttn,inter,2,4,-0.0043654702111106
10,Default_Limbic,inter,2,4,0.0064008652350041
11,Default_SalVentAttn,inter,2,4,0.0029972841353964
12,Default_SomMot,inter,2,4,-0.0009981520644761
13,Default_Vis,inter,2,4,-0.0088811348445591
14,DorsAttn_Cont,inter,2,4,0.0161358106816187
15,DorsAttn_Default,inter,2,4,-0.0043654700695216
16,DorsAttn_DorsAttn,intra,2,4,0.0652277841365159
17,DorsAttn_Limbic,inter,2,4,-0.0190633716874329
18,DorsAttn_SalVentAttn,inter,2,4,0.0197795088308037
19,DorsAttn_SomMot,inter,2,4,0.0297381628139096
20,DorsAttn_Vis,inter,2,4,0.0068000664652621
21,Limbic_Cont,inter,2,4,-0.007376792832228
22,Limbic_Default,inter,2,4,0.0064008652228008
23,Limbic_DorsAttn,inter,2,4,-0.0190633717332082
24,Limbic_Limbic,intra,2,4,0.0934132374030562
25,Limbic_SalVentAttn,inter,2,4,-0.0134106594440774
26,Limbic_SomMot,inter,2,4,-0.0190991760663646
27,Limbic_Vis,inter,2,4,-0.0051987805115532
28,SalVentAttn_Cont,inter,2,4,0.0171992217787492
29,SalVentAttn_Default,inter,2,4,0.0029972845551527
30,SalVentAttn_DorsAttn,inter,2,4,0.0197795086913497
31,SalVentAttn_Limbic,inter,2,4,-0.0134106594591687
32,SalVentAttn_SalVentAttn,intra,2,4,0.0611541356580323
33,SalVentAttn_SomMot,inter,2,4,0.0318204842025864
34,SalVentAttn_Vis,inter,2,4,-0.0081364872949192
35,SomMot_Cont,inter,2,4,0.0036633483454249
36,SomMot_Default,inter,2,4,-0.0009981521283707
37,SomMot_DorsAttn,inter,2,4,0.0297381619449936
38,SomMot_Limbic,inter,2,4,-0.019099175443437
39,SomMot_SalVentAttn,inter,2,4,0.0318204837648353
40,SomMot_SomMot,intra,2,4,0.0685222833776894
41,SomMot_Vis,inter,2,4,-8.950312394420741e-05
42,Vis_Cont,inter,2,4,-0.0154858700627981
43,Vis_Default,inter,2,4,-0.0088811348837728
44,Vis_DorsAttn,inter,2,4,0.0068000663706327
45,Vis_Limbic,inter,2,4,-0.0051987808644225
46,Vis_SalVentAttn,inter,2,4,-0.0081364873256327
47,Vis_SomMot,inter,2,4,-8.950382233710293e-05
48,Vis_Vis,intra,2,4,0.083784945030162
0,Cont_Cont,intra,0,5,0.0500779415511617
1,Cont_Default,inter,0,5,0.0156066638536935
2,Cont_DorsAttn,inter,0,5,0.0159981304297364
3,Cont_Limbic,inter,0,5,-0.0072389404011269
4,Cont_SalVentAttn,inter,0,5,0.0173158230909988
5,Cont_SomMot,inter,0,5,0.0028897457000108
6,Cont_Vis,inter,0,5,-0.0161573242647175
7,Default_Cont,inter,0,5,0.0156066638653283
8,Default_Default,intra,0,5,0.0412597433039499
9,Default_DorsAttn,inter,0,5,-0.0048312696765352
10,Default_Limbic,inter,0,5,0.0067491771587575
11,Default_SalVentAttn,inter,0,5,0.0028666065915983
12,Default_SomMot,inter,0,5,-0.001414174361631
13,Default_Vis,inter,0,5,-0.0094782697164186
14,DorsAttn_Cont,inter,0,5,0.0159981293865475
15,DorsAttn_Default,inter,0,5,-0.0048312695417781
16,DorsAttn_DorsAttn,intra,0,5,0.0657422712870443
17,DorsAttn_Limbic,inter,0,5,-0.0193939514900032
18,DorsAttn_SalVentAttn,inter,0,5,0.0199144040545061
19,DorsAttn_SomMot,inter,0,5,0.0302137007086874
20,DorsAttn_Vis,inter,0,5,0.0070703768727899
21,Limbic_Cont,inter,0,5,-0.0072389402243602
22,Limbic_Default,inter,0,5,0.0067491771605575
23,Limbic_DorsAttn,inter,0,5,-0.0193939515244136
24,Limbic_Limbic,intra,0,5,0.094811877863652
25,Limbic_SalVentAttn,inter,0,5,-0.0137158706410346
26,Limbic_SomMot,inter,0,5,-0.0202385242308501
27,Limbic_Vis,inter,0,5,-0.0061045236160299
28,SalVentAttn_Cont,inter,0,5,0.0173158229593908
29,SalVentAttn_Default,inter,0,5,0.0028666070140035
30,SalVentAttn_DorsAttn,inter,0,5,0.0199144039187814
31,SalVentAttn_Limbic,inter,0,5,-0.0137158706655206
32,SalVentAttn_SalVentAttn,intra,0,5,0.0632120174136478
33,SalVentAttn_SomMot,inter,0,5,0.0329196955686352
34,SalVentAttn_Vis,inter,0,5,-0.008043073289433
35,SomMot_Cont,inter,0,5,0.0028897446833684
36,SomMot_Default,inter,0,5,-0.0014141744357776
37,SomMot_DorsAttn,inter,0,5,0.0302136997949439
38,SomMot_Limbic,inter,0,5,-0.0202385235850301
39,SomMot_SalVentAttn,inter,0,5,0.032919695101278
40,SomMot_SomMot,intra,0,5,0.0713976699080158
41,SomMot_Vis,inter,0,5,0.0015378676893188
42,Vis_Cont,inter,0,5,-0.016157324746888
43,Vis_Default,inter,0,5,-0.0094782697442821
44,Vis_DorsAttn,inter,0,5,0.00707037676097
45,Vis_Limbic,inter,0,5,-0.0061045239685915
46,Vis_SalVentAttn,inter,0,5,-0.0080430733241873
47,Vis_SomMot,inter,0,5,0.0015378669630735
48,Vis_Vis,intra,0,5,0.0853912422740967
0,Cont_Cont,intra,1,5,0.0490288778754627
1,Cont_Default,inter,1,5,0.0154538077061798
2,Cont_DorsAttn,inter,1,5,0.0161606580256177
3,Cont_Limbic,inter,1,5,-0.0073698673916145
4,Cont_SalVentAttn,inter,1,5,0.0171040231448284
5,Cont_SomMot,inter,1,5,0.0037758004249551
6,Cont_Vis,inter,1,5,-0.0149160573529764
7,Default_Cont,inter,1,5,0.0154538077043508
8,Default_Default,intra,1,5,0.0403387822240923
9,Default_DorsAttn,inter,1,5,-0.0044221804561508
10,Default_Limbic,inter,1,5,0.0063777627197888
11,Default_SalVentAttn,inter,1,5,0.0027769516042591
12,Default_SomMot,inter,1,5,-0.0011566127248123
13,Default_Vis,inter,1,5,-0.0086863143315696
14,DorsAttn_Cont,inter,1,5,0.0161606570003664
15,DorsAttn_Default,inter,1,5,-0.0044221803249969
16,DorsAttn_DorsAttn,intra,1,5,0.0650595011564902
17,DorsAttn_Limbic,inter,1,5,-0.0190595372680369
18,DorsAttn_SalVentAttn,inter,1,5,0.0197973482142917
19,DorsAttn_SomMot,inter,1,5,0.0296243598839978
20,DorsAttn_Vis,inter,1,5,0.0070301151183729
21,Limbic_Cont,inter,1,5,-0.0073698672170437
22,Limbic_Default,inter,1,5,0.0063777627161696
23,Limbic_DorsAttn,inter,1,5,-0.0190595373196753
24,Limbic_Limbic,intra,1,5,0.0936418402539153
25,Limbic_SalVentAttn,inter,1,5,-0.0135291457316479
26,Limbic_SomMot,inter,1,5,-0.0189169878912833
27,Limbic_Vis,inter,1,5,-0.0054130735299617
28,SalVentAttn_Cont,inter,1,5,0.0171040230198658
29,SalVentAttn_Default,inter,1,5,0.002776952023252
30,SalVentAttn_DorsAttn,inter,1,5,0.0197973480815842
31,SalVentAttn_Limbic,inter,1,5,-0.0135291457287411
32,SalVentAttn_SalVentAttn,intra,1,5,0.0611032556586509
33,SalVentAttn_SomMot,inter,1,5,0.0317051736052742
34,SalVentAttn_Vis,inter,1,5,-0.0079329126697572
35,SomMot_Cont,inter,1,5,0.0037757994485525
36,SomMot_Default,inter,1,5,-0.0011566127957649
37,SomMot_DorsAttn,inter,1,5,0.0296243590358308
38,SomMot_Limbic,inter,1,5,-0.0189169872675852
39,SomMot_SalVentAttn,inter,1,5,0.0317051731791252
40,SomMot_SomMot,intra,1,5,0.0677563697905778
41,SomMot_Vis,inter,1,5,-3.055201689853755e-05
42,Vis_Cont,inter,1,5,-0.0149160578146806
43,Vis_Default,inter,1,5,-0.008686314368697
44,Vis_DorsAttn,inter,1,5,0.0070301150235221
45,Vis_Limbic,inter,1,5,-0.0054130738900717
46,Vis_SalVentAttn,inter,1,5,-0.0079329126941304
47,Vis_SomMot,inter,1,5,-3.055270273176687e-05
48,Vis_Vis,intra,1,5,0.0825791726391998
0,Cont_Cont,intra,2,5,0.0492449245539326
1,Cont_Default,inter,2,5,0.0156498301699395
2,Cont_DorsAttn,inter,2,5,0.0160759828227215
3,Cont_Limbic,inter,2,5,-0.0074581082117638
4,Cont_SalVentAttn,inter,2,5,0.0171726270323091
5,Cont_SomMot,inter,2,5,0.0036733597537074
6,Cont_Vis,inter,2,5,-0.0155160458017171
7,Default_Cont,inter,2,5,0.0156498301758834
8,Default_Default,intra,2,5,0.0402684181122789
9,Default_DorsAttn,inter,2,5,-0.0044429753704027
10,Default_Limbic,inter,2,5,0.0063289241896889
11,Default_SalVentAttn,inter,2,5,0.0029176335369432
12,Default_SomMot,inter,2,5,-0.0010990388483745
13,Default_Vis,inter,2,5,-0.0089130990606236
14,DorsAttn_Cont,inter,2,5,0.0160759817912684
15,DorsAttn_Default,inter,2,5,-0.004442975229267
16,DorsAttn_DorsAttn,intra,2,5,0.0653236874457655
17,DorsAttn_Limbic,inter,2,5,-0.0192634032704666
18,DorsAttn_SalVentAttn,inter,2,5,0.0198051978204844
19,DorsAttn_SomMot,inter,2,5,0.0299196739052453
20,DorsAttn_Vis,inter,2,5,0.0066415962620493
21,Limbic_Cont,inter,2,5,-0.0074581080482588
22,Limbic_Default,inter,2,5,0.0063289241771886
23,Limbic_DorsAttn,inter,2,5,-0.0192634033230631
24,Limbic_Limbic,intra,2,5,0.0936965209488541
25,Limbic_SalVentAttn,inter,2,5,-0.0135436443324342
26,Limbic_SomMot,inter,2,5,-0.0192671390336385
27,Limbic_Vis,inter,2,5,-0.0052003951432058
28,SalVentAttn_Cont,inter,2,5,0.0171726269109866
29,SalVentAttn_Default,inter,2,5,0.0029176339568382
30,SalVentAttn_DorsAttn,inter,2,5,0.0198051976842557
31,SalVentAttn_Limbic,inter,2,5,-0.0135436443464655
32,SalVentAttn_SalVentAttn,intra,2,5,0.0611960045691859
33,SalVentAttn_SomMot,inter,2,5,0.031778372579214
34,SalVentAttn_Vis,inter,2,5,-0.0082220436920316
35,SomMot_Cont,inter,2,5,0.0036733587711772
36,SomMot_Default,inter,2,5,-0.0010990389118769
37,SomMot_DorsAttn,inter,2,5,0.0299196730382602
38,SomMot_Limbic,inter,2,5,-0.0192671384030055
39,SomMot_SalVentAttn,inter,2,5,0.0317783721419948
40,SomMot_SomMot,intra,2,5,0.0684427631404343
41,SomMot_Vis,inter,2,5,-0.0002391382791072
42,Vis_Cont,inter,2,5,-0.0155160462722911
43,Vis_Default,inter,2,5,-0.0089130990998508
44,Vis_DorsAttn,inter,2,5,0.006641596167312
45,Vis_Limbic,inter,2,5,-0.0052003954951821
46,Vis_SalVentAttn,inter,2,5,-0.0082220437206248
47,Vis_SomMot,inter,2,5,-0.0002391389755741
48,Vis_Vis,intra,2,5,0.0835580178959922
0,Cont_Cont,intra,0,6,0.0503129105510159
1,Cont_Default,inter,0,6,0.0157950744073511
2,Cont_DorsAttn,inter,0,6,0.0163014414930542
3,Cont_Limbic,inter,0,6,-0.0075421507841642
4,Cont_SalVentAttn,inter,0,6,0.0175000657725403
5,Cont_SomMot,inter,0,6,0.0031252160712758
6,Cont_Vis,inter,0,6,-0.0163435353402695
7,Default_Cont,inter,0,6,0.0157950744103502
8,Default_Default,intra,0,6,0.0412851684102176
9,Default_DorsAttn,inter,0,6,-0.0045525105591864
10,Default_Limbic,inter,0,6,0.0065289021717774
11,Default_SalVentAttn,inter,0,6,0.0030246785633885
12,Default_SomMot,inter,0,6,-0.0012805347114339
13,Default_Vis,inter,0,6,-0.0093468321543331
14,DorsAttn_Cont,inter,0,6,0.0163014404425101
15,DorsAttn_Default,inter,0,6,-0.0045525104170514
16,DorsAttn_DorsAttn,intra,0,6,0.0659830578086881
17,DorsAttn_Limbic,inter,0,6,-0.0196835162898864
18,DorsAttn_SalVentAttn,inter,0,6,0.0201532302522147
19,DorsAttn_SomMot,inter,0,6,0.0305947865808241
20,DorsAttn_Vis,inter,0,6,0.006773530226549
21,Limbic_Cont,inter,0,6,-0.0075421506115316
22,Limbic_Default,inter,0,6,0.0065289021691598
23,Limbic_DorsAttn,inter,0,6,-0.0196835163201997
24,Limbic_Limbic,intra,0,6,0.0953843592952738
25,Limbic_SalVentAttn,inter,0,6,-0.014052728107817
26,Limbic_SomMot,inter,0,6,-0.0204449618588943
27,Limbic_Vis,inter,0,6,-0.0057729608619997
28,SalVentAttn_Cont,inter,0,6,0.0175000656426836
29,SalVentAttn_Default,inter,0,6,0.0030246789928522
30,SalVentAttn_DorsAttn,inter,0,6,0.0201532301119238
31,SalVentAttn_Limbic,inter,0,6,-0.0140527281303464
32,SalVentAttn_SalVentAttn,intra,0,6,0.0631556801379171
33,SalVentAttn_SomMot,inter,0,6,0.0329685762247316
34,SalVentAttn_Vis,inter,0,6,-0.0079666633975295
35,SomMot_Cont,inter,0,6,0.0031252150500448
36,SomMot_Default,inter,0,6,-0.0012805347857064
37,SomMot_DorsAttn,inter,0,6,0.0305947856637463
38,SomMot_Limbic,inter,0,6,-0.0204449612151978
39,SomMot_SalVentAttn,inter,0,6,0.0329685757642628
40,SomMot_SomMot,intra,0,6,0.0715524294302576
41,SomMot_Vis,inter,0,6,0.0012720042003012
42,Vis_Cont,inter,0,6,-0.0163435358199591
43,Vis_Default,inter,0,6,-0.009346832187981
44,Vis_DorsAttn,inter,0,6,0.0067735301081186
45,Vis_Limbic,inter,0,6,-0.005772961218603
46,Vis_SalVentAttn,inter,0,6,-0.0079666634400619
47,Vis_SomMot,inter,0,6,0.0012720034706865
48,Vis_Vis,intra,0,6,0.0853213201468386
0,Cont_Cont,intra,1,6,0.0490912759966904
1,Cont_Default,inter,1,6,0.0155395968199225
2,Cont_DorsAttn,inter,1,6,0.0161532245818789
3,Cont_Limbic,inter,1,6,-0.0072875301815528
4,Cont_SalVentAttn,inter,1,6,0.0171299043510627
5,Cont_SomMot,inter,1,6,0.0037664170899119
6,Cont_Vis,inter,1,6,-0.0149123747951543
7,Default_Cont,inter,1,6,0.0155395968227749
8,Default_Default,intra,1,6,0.0404932234355678
9,Default_DorsAttn,inter,1,6,-0.0045293248187733
10,Default_Limbic,inter,1,6,0.00644512551024
11,Default_SalVentAttn,inter,1,6,0.0027132593045312
12,Default_SomMot,inter,1,6,-0.0011580505065994
13,Default_Vis,inter,1,6,-0.0087108663103857
14,DorsAttn_Cont,inter,1,6,0.0161532235546986
15,DorsAttn_Default,inter,1,6,-0.0045293246920462
16,DorsAttn_DorsAttn,intra,1,6,0.0652588483133362
17,DorsAttn_Limbic,inter,1,6,-0.0189504562621752
18,DorsAttn_SalVentAttn,inter,1,6,0.0199143695882165
19,DorsAttn_SomMot,inter,1,6,0.0297485461059962
20,DorsAttn_Vis,inter,1,6,0.0069809074493452
21,Limbic_Cont,inter,1,6,-0.0072875300145878
22,Limbic_Default,inter,1,6,0.0064451254962849
23,Limbic_DorsAttn,inter,1,6,-0.0189504563125211
24,Limbic_Limbic,intra,1,6,0.0938364533827882
25,Limbic_SalVentAttn,inter,1,6,-0.0135121460138592
26,Limbic_SomMot,inter,1,6,-0.0189238639051526
27,Limbic_Vis,inter,1,6,-0.0052213927148173
28,SalVentAttn_Cont,inter,1,6,0.0171299042236559
29,SalVentAttn_Default,inter,1,6,0.0027132597215185
30,SalVentAttn_DorsAttn,inter,1,6,0.0199143694580624
31,SalVentAttn_Limbic,inter,1,6,-0.0135121460167652
32,SalVentAttn_SalVentAttn,intra,1,6,0.0612056330395302
33,SalVentAttn_SomMot,inter,1,6,0.0318589567997202
34,SalVentAttn_Vis,inter,1,6,-0.0080643242220523
35,SomMot_Cont,inter,1,6,0.0037664161102135
36,SomMot_Default,inter,1,6,-0.0011580505779999
37,SomMot_DorsAttn,inter,1,6,0.0297485452497595
38,SomMot_Limbic,inter,1,6,-0.0189238632803081
39,SomMot_SalVentAttn,inter,1,6,0.0318589563627424
40,SomMot_SomMot,intra,1,6,0.0680942377755532
41,SomMot_Vis,inter,1,6,-5.441217953684665e-05
42,Vis_Cont,inter,1,6,-0.0149123752682618
43,Vis_Default,inter,1,6,-0.0087108663505943
44,Vis_DorsAttn,inter,1,6,0.0069809073588232
45,Vis_Limbic,inter,1,6,-0.0052213930741979
46,Vis_SalVentAttn,inter,1,6,-0.0080643242472614
47,Vis_SomMot,inter,1,6,-5.441286489877052e-05
48,Vis_Vis,intra,1,6,0.0832104075117867
0,Cont_Cont,intra,2,6,0.049385751077826
1,Cont_Default,inter,2,6,0.0156319211708331
2,Cont_DorsAttn,inter,2,6,0.0160248037180878
3,Cont_Limbic,inter,2,6,-0.0072526277243559
4,Cont_SalVentAttn,inter,2,6,0.0171617932770011
5,Cont_SomMot,inter,2,6,0.0035368302134323
6,Cont_Vis,inter,2,6,-0.0155440027457613
7,Default_Cont,inter,2,6,0.0156319211753271
8,Default_Default,intra,2,6,0.0405324727701275
9,Default_DorsAttn,inter,2,6,-0.0045251589464523
10,Default_Limbic,inter,2,6,0.0065328167987668
11,Default_SalVentAttn,inter,2,6,0.0029017962759183
12,Default_SomMot,inter,2,6,-0.0011336774935954
13,Default_Vis,inter,2,6,-0.0089332895044879
14,DorsAttn_Cont,inter,2,6,0.0160248026883506
15,DorsAttn_Default,inter,2,6,-0.0045251588046553
16,DorsAttn_DorsAttn,intra,2,6,0.0651977636877294
17,DorsAttn_Limbic,inter,2,6,-0.0190639416413856
18,DorsAttn_SalVentAttn,inter,2,6,0.0196853571465322
19,DorsAttn_SomMot,inter,2,6,0.0296656420480699
20,DorsAttn_Vis,inter,2,6,0.0069496938942893
21,Limbic_Cont,inter,2,6,-0.0072526275614848
22,Limbic_Default,inter,2,6,0.006532816794204
23,Limbic_DorsAttn,inter,2,6,-0.0190639416915969
24,Limbic_Limbic,intra,2,6,0.0934032363556332
25,Limbic_SalVentAttn,inter,2,6,-0.0132605832858484
26,Limbic_SomMot,inter,2,6,-0.0190211838547431
27,Limbic_Vis,inter,2,6,-0.0054579155465595
28,SalVentAttn_Cont,inter,2,6,0.0171617931524939
29,SalVentAttn_Default,inter,2,6,0.0029017966949558
30,SalVentAttn_DorsAttn,inter,2,6,0.0196853570092759
31,SalVentAttn_Limbic,inter,2,6,-0.0132605833003545
32,SalVentAttn_SalVentAttn,intra,2,6,0.0613822886705036
33,SalVentAttn_SomMot,inter,2,6,0.0318174631795869
34,SalVentAttn_Vis,inter,2,6,-0.008113975115151
35,SomMot_Cont,inter,2,6,0.0035368292301445
36,SomMot_Default,inter,2,6,-0.0011336775573845
37,SomMot_DorsAttn,inter,2,6,0.0296656411794862
38,SomMot_Limbic,inter,2,6,-0.0190211832285849
39,SomMot_SalVentAttn,inter,2,6,0.0318174627388452
40,SomMot_SomMot,intra,2,6,0.0685792032705176
41,SomMot_Vis,inter,2,6,0.0001330979606964
42,Vis_Cont,inter,2,6,-0.0155440032196009
43,Vis_Default,inter,2,6,-0.0089332895453505
44,Vis_DorsAttn,inter,2,6,0.0069496938013706
45,Vis_Limbic,inter,2,6,-0.0054579159041272
46,Vis_SalVentAttn,inter,2,6,-0.0081139751465858
47,Vis_SomMot,inter,2,6,0.0001330972604892
48,Vis_Vis,intra,2,6,0.0839633302819887
0,Cont_Cont,intra,0,7,0.0517044326936316
1,Cont_Default,inter,0,7,0.0162482855776367
2,Cont_DorsAttn,inter,0,7,0.0171370326508318
3,Cont_Limbic,inter,0,7,-0.0087407150327237
4,Cont_SalVentAttn,inter,0,7,0.018459642816869
5,Cont_SomMot,inter,0,7,0.0037290388621397
6,Cont_Vis,inter,0,7,-0.0168790285724511
7,Default_Cont,inter,0,7,0.0162482855800489
8,Default_Default,intra,0,7,0.0420049825381069
9,Default_DorsAttn,inter,0,7,-0.0046179916273723
10,Default_Limbic,inter,0,7,0.0061321963959588
11,Default_SalVentAttn,inter,0,7,0.0033961447474485
12,Default_SomMot,inter,0,7,-0.0010448246085575
13,Default_Vis,inter,0,7,-0.0095405381456221
14,DorsAttn_Cont,inter,0,7,0.0171370315663574
15,DorsAttn_Default,inter,0,7,-0.0046179914792867
16,DorsAttn_DorsAttn,intra,0,7,0.0682418778772443
17,DorsAttn_Limbic,inter,0,7,-0.021575951947539
18,DorsAttn_SalVentAttn,inter,0,7,0.0212406631853695
19,DorsAttn_SomMot,inter,0,7,0.0324259112498447
20,DorsAttn_Vis,inter,0,7,0.0063218171616176
21,Limbic_Cont,inter,0,7,-0.0087407148389564
22,Limbic_Default,inter,0,7,0.0061321963929382
23,Limbic_DorsAttn,inter,0,7,-0.0215759519658984
24,Limbic_Limbic,intra,0,7,0.0991219214510773
25,Limbic_SalVentAttn,inter,0,7,-0.0156721152552326
26,Limbic_SomMot,inter,0,7,-0.0228242933944048
27,Limbic_Vis,inter,0,7,-0.0059594065788414
28,SalVentAttn_Cont,inter,0,7,0.0184596426766016
29,SalVentAttn_Default,inter,0,7,0.0033961451871236
30,SalVentAttn_DorsAttn,inter,0,7,0.0212406630439453
31,SalVentAttn_Limbic,inter,0,7,-0.0156721152929443
32,SalVentAttn_SalVentAttn,intra,0,7,0.0650325991216001
33,SalVentAttn_SomMot,inter,0,7,0.03472813988786
34,SalVentAttn_Vis,inter,0,7,-0.0083646231460944
35,SomMot_Cont,inter,0,7,0.0037290377906151
36,SomMot_Default,inter,0,7,-0.0010448246889503
37,SomMot_DorsAttn,inter,0,7,0.0324259102846195
38,SomMot_Limbic,inter,0,7,-0.0228242927170105
39,SomMot_SalVentAttn,inter,0,7,0.0347281393940174
40,SomMot_SomMot,intra,0,7,0.0744911513210458
41,SomMot_Vis,inter,0,7,0.0007860777403123
42,Vis_Cont,inter,0,7,-0.0168790290457277
43,Vis_Default,inter,0,7,-0.0095405381771943
44,Vis_DorsAttn,inter,0,7,0.0063218170373875
45,Vis_Limbic,inter,0,7,-0.0059594069295124
46,Vis_SalVentAttn,inter,0,7,-0.0083646231889755
47,Vis_SomMot,inter,0,7,0.0007860769884114
48,Vis_Vis,intra,0,7,0.0869998487307727
0,Cont_Cont,intra,1,7,0.0488057217815097
1,Cont_Default,inter,1,7,0.0153699439778961
2,Cont_DorsAttn,inter,1,7,0.0159443949126977
3,Cont_Limbic,inter,1,7,-0.0071988781444005
4,Cont_SalVentAttn,inter,1,7,0.0168877467333864
5,Cont_SomMot,inter,1,7,0.0036292191032472
6,Cont_Vis,inter,1,7,-0.0150503268591404
7,Default_Cont,inter,1,7,0.0153699439784984
8,Default_Default,intra,1,7,0.0402003466200068
9,Default_DorsAttn,inter,1,7,-0.0045795671519592
10,Default_Limbic,inter,1,7,0.0064334968084032
11,Default_SalVentAttn,inter,1,7,0.0027043717988822
12,Default_SomMot,inter,1,7,-0.001159790004053
13,Default_Vis,inter,1,7,-0.0088305681650416
14,DorsAttn_Cont,inter,1,7,0.0159443938985395
15,DorsAttn_Default,inter,1,7,-0.0045795670274144
16,DorsAttn_DorsAttn,intra,1,7,0.0648224046087896
17,DorsAttn_Limbic,inter,1,7,-0.0188986456756053
18,DorsAttn_SalVentAttn,inter,1,7,0.0195158703541836
19,DorsAttn_SomMot,inter,1,7,0.0293363595913533
20,DorsAttn_Vis,inter,1,7,0.0069925719615589
21,Limbic_Cont,inter,1,7,-0.0071988779821789
22,Limbic_Default,inter,1,7,0.0064334968045123
23,Limbic_DorsAttn,inter,1,7,-0.0188986457345238
24,Limbic_Limbic,intra,1,7,0.093213459960098
25,Limbic_SalVentAttn,inter,1,7,-0.0133199549259272
26,Limbic_SomMot,inter,1,7,-0.0186306215482014
27,Limbic_Vis,inter,1,7,-0.0055833861782772
28,SalVentAttn_Cont,inter,1,7,0.0168877466094157
29,SalVentAttn_Default,inter,1,7,0.0027043722094789
30,SalVentAttn_DorsAttn,inter,1,7,0.0195158702170606
31,SalVentAttn_Limbic,inter,1,7,-0.0133199549165043
32,SalVentAttn_SalVentAttn,intra,1,7,0.0608794912474338
33,SalVentAttn_SomMot,inter,1,7,0.0315634942295358
34,SalVentAttn_Vis,inter,1,7,-0.0080364947801505
35,SomMot_Cont,inter,1,7,0.003629218137027
36,SomMot_Default,inter,1,7,-0.0011597900759024
37,SomMot_DorsAttn,inter,1,7,0.0293363587438085
38,SomMot_Limbic,inter,1,7,-0.018630620928698
39,SomMot_SalVentAttn,inter,1,7,0.0315634938036331
40,SomMot_SomMot,intra,1,7,0.067656648760344
41,SomMot_Vis,inter,1,7,-0.0001083340691142
42,Vis_Cont,inter,1,7,-0.0150503273210843
43,Vis_Default,inter,1,7,-0.0088305681988909
44,Vis_DorsAttn,inter,1,7,0.0069925718731284
45,Vis_Limbic,inter,1,7,-0.0055833865354783
46,Vis_SalVentAttn,inter,1,7,-0.0080364948083303
47,Vis_SomMot,inter,1,7,-0.0001083347547309
48,Vis_Vis,intra,1,7,0.0832891982468165
0,Cont_Cont,intra,2,7,0.0490558694372983
1,Cont_Default,inter,2,7,0.0154995066692122
2,Cont_DorsAttn,inter,2,7,0.0159359806163051
3,Cont_Limbic,inter,2,7,-0.0072504586846738
4,Cont_SalVentAttn,inter,2,7,0.0169914852984729
5,Cont_SomMot,inter,2,7,0.0035346678558462
6,Cont_Vis,inter,2,7,-0.015380379778344
7,Default_Cont,inter,2,7,0.0154995066751514
8,Default_Default,intra,2,7,0.0402505425962331
9,Default_DorsAttn,inter,2,7,-0.0044674511120058
10,Default_Limbic,inter,2,7,0.0064185974883943
11,Default_SalVentAttn,inter,2,7,0.0028427730410691
12,Default_SomMot,inter,2,7,-0.001099569137993
13,Default_Vis,inter,2,7,-0.0088915443875748
14,DorsAttn_Cont,inter,2,7,0.0159359795931943
15,DorsAttn_Default,inter,2,7,-0.0044674509707253
16,DorsAttn_DorsAttn,intra,2,7,0.0647434282838954
17,DorsAttn_Limbic,inter,2,7,-0.0187822118877256
18,DorsAttn_SalVentAttn,inter,2,7,0.0195166708673122
19,DorsAttn_SomMot,inter,2,7,0.0293151406770773
20,DorsAttn_Vis,inter,2,7,0.0068507090249875
21,Limbic_Cont,inter,2,7,-0.0072504585231079
22,Limbic_Default,inter,2,7,0.0064185974786431
23,Limbic_DorsAttn,inter,2,7,-0.0187822119394591
24,Limbic_Limbic,intra,2,7,0.0928974688776824
25,Limbic_SalVentAttn,inter,2,7,-0.0131855915557532
26,Limbic_SomMot,inter,2,7,-0.0187383643166892
27,Limbic_Vis,inter,2,7,-0.0053088745541894
28,SalVentAttn_Cont,inter,2,7,0.0169914851790763
29,SalVentAttn_Default,inter,2,7,0.0028427734603465
30,SalVentAttn_DorsAttn,inter,2,7,0.0195166707296264
31,SalVentAttn_Limbic,inter,2,7,-0.0131855915711058
32,SalVentAttn_SalVentAttn,intra,2,7,0.0608616728742789
33,SalVentAttn_SomMot,inter,2,7,0.0314792182168756
34,SalVentAttn_Vis,inter,2,7,-0.0080849145238145
35,SomMot_Cont,inter,2,7,0.0035346668827487
36,SomMot_Default,inter,2,7,-0.0010995691995769
37,SomMot_DorsAttn,inter,2,7,0.0293151398189297
38,SomMot_Limbic,inter,2,7,-0.0187383636964128
39,SomMot_SalVentAttn,inter,2,7,0.031479217784009
40,SomMot_SomMot,intra,2,7,0.0678483424633752
41,SomMot_Vis,inter,2,7,1.6555822720101877e-05
42,Vis_Cont,inter,2,7,-0.0153803802545477
43,Vis_Default,inter,2,7,-0.0088915444289067
44,Vis_DorsAttn,inter,2,7,0.0068507089318757
45,Vis_Limbic,inter,2,7,-0.0053088749092161
46,Vis_SalVentAttn,inter,2,7,-0.0080849145546758
47,Vis_SomMot,inter,2,7,1.655512645992795e-05
48,Vis_Vis,intra,2,7,0.0835255893277569
